#,name,name_ko,type,category,area,used_on,hours (regular),closed,booking,address_ko (show taxi driver),phone,lat,lng,google_maps,kakao_map
1,Yukgaphane,육값하네,food,Korean barbecue restaurant,Hapjeong · Mangwon,,hours unknown,,,서울특별시 마포구 양화로6길 94 육값하네,+82 2-325-9770,37.5481324,126.9193871,https://maps.google.com/?cid=8585946267106154286,
2,Reissue coffee roasters,리이슈 커피 로스터스,coffee,Cafe,Hongdae · Yeonnam · Yeonhui,Day 3,Tue–Sat 10:00–20:00; Sun 11:00–20:00; closed Mon,Mon,,서울 마포구 연남로 35 2층 (연남동),02-336-6884,37.562694199999996,126.9213621,https://maps.google.com/?cid=6007669431700229694,https://place.map.kakao.com/1276356795
3,Piknic,피크닉 piknic,museum,Exhibit,Namsan · Myeongdong,,"; closed Mon,Tue,Wed,Thu,Fri,Sat,Sun","Mon,Tue,Wed,Thu,Fri,Sat,Sun",reservable (Kakao),서울 중구 퇴계로6가길 30 (남창동),02-6245-6371,37.556964199999996,126.97813909999999,https://maps.google.com/?cid=365643846469781489,https://place.map.kakao.com/225473638
4,Tabster,탭스터,bar,Beer store,Hongdae · Yeonnam · Yeonhui,Day 3,"Thu–Fri 18:00–23:00; Sat–Sun 16:00–23:00; closed Mon,Tue,Wed","Mon,Tue,Wed",reservable (Kakao),서울 서대문구 증가로 1 1층 103호 (연희동),070-7576-2448,37.5686403,126.93190279999999,https://maps.google.com/?cid=12499869823805260524,https://place.map.kakao.com/1139437500
5,Frieze House Seoul,프리스 하우스,museum,Art gallery,Gwangjang · Dongdaemun,,"; closed Mon,Tue,Wed,Thu,Fri,Sat,Sun","Mon,Tue,Wed,Thu,Fri,Sat,Sun",reservable (Kakao),서울 중구 동호로15길 17 (신당동),,37.5560864,127.0086956,https://maps.google.com/?cid=12150866741907023025,https://place.map.kakao.com/751256660
6,Kukje Gallery,국제갤러리,museum,Art gallery,Samcheong · Anguk · Ikseon,Day 14,Mon–Sat 10:00–18:00; Sun 10:00–17:00,,,서울 종로구 삼청로 54 1~3층 (소격동),02-733-8449,37.5806294,126.98061249999999,https://maps.google.com/?cid=11430488003591782875,https://place.map.kakao.com/17505797
7,Gallery Hyundai,갤러리현대,museum,Art gallery,Samcheong · Anguk · Ikseon,Day 14,Tue–Sun 10:00–18:00; closed Mon,Mon,,서울 종로구 삼청로 14 (사간동),02-2287-3500,37.577203,126.97991309999999,https://maps.google.com/?cid=3779951409708653287,https://place.map.kakao.com/9475956
8,Art Sonje Center,아트선재센터,museum,Art museum,Samcheong · Anguk · Ikseon,Day 14,Tue–Sun 12:00–18:00; closed Mon,Mon,reservable (Kakao),"서울 종로구 율곡로3길 87 지하1층,1-3층 (소격동)",02-733-8949,37.579434299999996,126.9818277,https://maps.google.com/?cid=4371636776583249286,https://place.map.kakao.com/8474452
9,쿠나장롱,쿠나장롱,shop,Poster store,Seongsu,Day 15,"Wed–Fri 11:00–19:00; Sat–Sun 12:00–18:00; closed Mon,Tue","Mon,Tue",,서울 성동구 성수일로4길 52 지노빌딩 3층 301호 (성수동2가),070-7778-2309,37.542497,127.0542186,https://maps.google.com/?cid=4132780644517765994,https://place.map.kakao.com/1070179980
10,Daelim Changgo,성수동 대림창고 갤러리,coffee,Cafe,Seongsu,Day 9,Daily 11:00–22:00,,,서울 성동구 성수이로 78 1층 (성수동2가),0507-1390-9669,37.541838399999996,127.0564636,https://maps.google.com/?cid=8793465796045987589,https://place.map.kakao.com/1128989913
11,백사실계곡,백사실계곡,park,Nature preserve,Seochon · Gyeongbokgung,Day 14,hours unknown,,,서울 종로구 부암동 115,02-2148-2854,37.601131699999996,126.96631579999999,https://maps.google.com/?cid=3272103362290283781,https://place.map.kakao.com/7891659
12,BOONTHESHOP,분더샵 청담,shop,Clothing store,Apgujeong · Dosan · Sinsa,Day 10,"Tue–Sat 10:00–18:00; closed Mon,Sun","Mon,Sun",,서울 강남구 압구정로60길 21 지하1층 (청담동),02-2056-1240,37.5259243,127.0419225,https://maps.google.com/?cid=7792829390464245695,https://place.map.kakao.com/667306919
13,"National Museum of Modern and Contemporary Art, Seoul",국립현대미술관 서울,museum,Modern art museum,Samcheong · Anguk · Ikseon,Day 14,"Mon–Tue,Thu–Fri,Sun 10:00–18:00; Wed,Sat 10:00–21:00",,,서울 종로구 삼청로 30 국립현대미술관 서울관 1층 (소격동),1668-2764,37.5788333,126.9804281,https://maps.google.com/?cid=18118236120373634053,https://place.map.kakao.com/749467532
14,Korea Furniture Museum,한국가구박물관,museum,Museum,Samcheong · Anguk · Ikseon,,hours unknown,,reservable (Kakao),서울 성북구 대사관로 121 (성북동),02-745-0181,37.6000442,126.9930488,https://maps.google.com/?cid=4885176564910853104,https://place.map.kakao.com/8141776
15,Onjium,온지음,food,Korean restaurant,Seochon · Gyeongbokgung,,"Tue–Fri 12:00–21:00 (break 15:00~18:00); closed Mon,Sat,Sun","Mon,Sat,Sun",https://www.catchtable.net/shop/onjiumrestaurant?ct-referrer=google-maps,서울 종로구 효자로 49 4층 (창성동),02-6952-0024,37.5804867,126.9733488,https://maps.google.com/?cid=2138934176330157648,https://place.map.kakao.com/27050439
16,Korean Bistro Mr.Ahn's Makgeolli,한국술집 안씨막걸리,bar,Bistro,Yongsan · Itaewon · Hannam,,Daily 17:30–23:30,,https://www.catchtable.net/shop/Y2F0Y2hfc1craGN3TWtJM1QzQ1BqQmRvMHdtdz09?ct-referrer=google-maps,서울 용산구 회나무로 3 1층 (이태원동),010-4592-3609,37.538580599999996,126.9874086,https://maps.google.com/?cid=8175176985865071436,https://place.map.kakao.com/1384545112
17,Woo Lae Oak,우래옥,food,Cold noodle restaurant,Gwangjang · Dongdaemun,Day 15,Tue–Fri 11:30–21:00 (break 14:00~17:00); Sat–Sun 11:30–21:00; closed Mon,Mon,https://www.catchtable.net/shop/Y2F0Y2hfc0EvanB2VHpFTGdIeTlaL0dUVkpxdz09?ct-referrer=google-maps,서울 중구 창경궁로 62-29 1-2층 (주교동),02-2265-0151,37.5681851,126.9987092,https://maps.google.com/?cid=8303913792532717456,https://place.map.kakao.com/8025375
18,Tongin Traditional Market,통인시장,market,Market,Seochon · Gyeongbokgung,Day 12,hours unknown,,,서울 종로구 자하문로 55 1층 (통인동),02-730-3320,37.5807649,126.97067559999999,https://maps.google.com/?cid=14146089961621208267,https://place.map.kakao.com/998638771
19,Seoul Forest Park,서울숲공원,park,Park,Seoul Forest,Day 9,Daily 00:00–24:00,,reservable (Kakao),서울 성동구 성수동1가 678-1,02-460-2905,37.544387799999996,127.03744239999999,https://maps.google.com/?cid=15968524466520016538,https://place.map.kakao.com/11331488
20,Deoksugung Liege Waffle,덕수궁 리에제 와플,dessert,Dessert shop,Deoksugung · City Hall,Day 6,"Mon–Thu,Sun 08:00–21:30; Fri–Sat 08:00–22:00",,,서울 중구 덕수궁길 5 1층 (태평로2가),02-318-5202,37.5647918,126.97645349999999,https://maps.google.com/?cid=11144551087671422450,https://place.map.kakao.com/243733683
21,Deoksugung Palace,덕수궁,sight,Cultural landmark,Deoksugung · City Hall,Day 6,Tue–Sun 09:00–21:00; closed Mon,Mon,,서울 중구 정동,02-771-9951,37.5658862,126.97490169999999,https://maps.google.com/?cid=550234504920290008,https://place.map.kakao.com/7945845
22,Namsan Baekbeom Square,남산공원 백범광장,park,Park,Namsan · Myeongdong,Day 11,hours unknown,,reservable (Kakao),서울 중구 회현동1가 100-115,+82 2-318-5284,37.5548599,126.97924049999999,https://maps.google.com/?cid=4587504949595071139,https://place.map.kakao.com/8381397
23,10SQUARE,10SQUARE,coffee,Coffee shop,Gangnam Stn,,hours unknown,,,서울특별시 서초구 방배동 931-24 10SQUARE,,37.4845769,126.9916092,https://maps.google.com/?cid=5376298931890012505,
24,Tosokchon Samgyetang,토속촌 삼계탕,food,Samgyetang restaurant,Seochon · Gyeongbokgung,Day 12,Daily 10:00–22:00,,https://autoreserve.com/restaurants/7NvqBSHi5oRd6m9CKmAE?rwg_token=AE37R_j9oKMb-oNJ2isdVfYoKQnYmsjkhpQVfsLOuizwZzofI3nxydJJ0yHyKEYMZiKrtWQ23XkbFwjsQNeyKYAna4jzuKUflw%3D%3D,서울 종로구 자하문로5길 5 1층 (체부동),02-737-7444,37.577778599999995,126.9715909,https://maps.google.com/?cid=16170311330052992851,https://place.map.kakao.com/26545925
25,Bar Cham,바 참 Bar Cham,bar,Cocktail bar,Seochon · Gyeongbokgung,Day 14,"Mon,Wed–Sun 18:00–01:00; closed Tue",Tue,https://www.catchtable.net/shop/Barcham?ct-referrer=google-maps,서울 종로구 자하문로7길 34 1층 (통인동),02-6402-4750,37.5791709,126.97038509999999,https://maps.google.com/?cid=10256081370163760459,https://place.map.kakao.com/939585270
26,MBTI Capsule Machine,MBTI Capsule Machine,shop,Store,Hapjeong · Mangwon,,hours unknown,,,"MBTI Capsule Machine, 365-1 서교동 마포구 서울특별시 대한민국",,37.553121499999996,126.92191349999999,https://maps.google.com/?cid=11973070462184804430,
27,Allwrite,Allwrite,museum,Art supply store,Seochon · Gyeongbokgung,Day 14,Daily 12:30–19:30,,,서울 종로구 자하문로5가길 41 1층 (체부동),010-9223-3484,37.578909599999996,126.96974589999999,https://maps.google.com/?cid=12912461869663989138,https://place.map.kakao.com/1661573479
28,썸원라이프 SOMEONE LIFE,썸원라이프 SOMEONE LIFE,shop,Clothing store,Seochon · Gyeongbokgung,,Daily 12:00–20:00,,,서울 종로구 사직로8길 5-5 단독 (필운동),02-336-2925,37.5754296,126.96955589999999,https://maps.google.com/?cid=7198371438025599125,https://place.map.kakao.com/1536882658
29,One More Bag,원모어백,shop,Bag shop,Seochon · Gyeongbokgung,,Daily 12:00–19:00,,,서울 종로구 필운대로 6-1 2층 (필운동),070-7768-8990,37.576703099999996,126.96931239999999,https://maps.google.com/?cid=2592834293270599665,https://place.map.kakao.com/1556508891
30,ETC Seoul Seochon,이티씨 서울 서촌,shop,Clothing store,Seochon · Gyeongbokgung,Day 12,Daily 12:00–20:30,,,"서울 종로구 필운대로 8 지하1층,1층 (필운동)",070-5158-0035,37.5767673,126.9693415,https://maps.google.com/?cid=7578796339042980027,https://place.map.kakao.com/666784557
31,AllD'se,올딧세,coffee,Cafe,Gongdeok,Day 1,Daily 11:30–21:30,,,서울 용산구 한강대로21길 29-16 1층 (한강로3가),010-4444-4444,37.5269465,126.9630303,https://maps.google.com/?cid=4434128381925643662,https://place.map.kakao.com/1321955700
32,Gom Chef Jin Gomtang,곰쉐프진곰탕,food,Korean restaurant,South Seocho · Yangjae,Day 10,Mon–Fri 10:30–21:00; Sat 10:30–19:00; closed Sun,Sun,,서울 서초구 헌릉로8길 9-8 내곡플라자 1층 106호 (내곡동),02-572-6829,37.4566875,127.05993749999999,https://maps.google.com/?cid=7723488346083451479,https://place.map.kakao.com/626063892
33,Baskin Robbins Workshop,워크숍 바이 배스킨라빈스,dessert,Dessert shop,South Seocho · Yangjae,,Mon–Fri 07:30–22:00; Sat–Sun 10:00–22:00,,,서울 강남구 논현로 201 SPC2023 1층 (도곡동),02-575-9609,37.485744,127.0409303,https://maps.google.com/?cid=13979679901220618976,https://place.map.kakao.com/1607971824
34,Baskin Robbins 100 Flavors,배스킨라빈스 강남대로점,dessert,Ice cream shop,Gangnam Stn,Day 5,Daily 10:00–23:00,,,서울 강남구 강남대로 442 1층 (역삼동),02-561-1217,37.5021428,127.0259626,https://maps.google.com/?cid=11753730295035026761,https://place.map.kakao.com/931061538
35,Wel-Yaggug,웰약국,skincare,Drug store,Gangnam Stn,,Mon–Sat 09:00–22:30; Sun 10:20–22:00,,,서울 강남구 강남대로 432 점프밀라노 지하1층 101호 (역삼동),02-6440-5656,37.5012067,127.0266106,https://maps.google.com/?cid=16266890564830933692,https://place.map.kakao.com/16505031
36,CONVERSE,컨버스 코엑스점,shop,Shoe store,COEX · Samseong,,Daily 10:30–22:00,,,서울 강남구 삼성동 159-9 지하1층,02-6002-3030,37.512268899999995,127.06049139999999,https://maps.google.com/?cid=13928510520088085080,https://place.map.kakao.com/223784476
37,Odarijip Ganjang Gejang Gangnam (Yeoksam),오다리집 간장게장 강남역삼점,food,Crab house,Gangnam Stn,,Daily 10:00–23:00,,,서울 강남구 봉은사로30길 74 1층 (역삼동),02-556-6769,37.5024338,127.0369137,https://maps.google.com/?cid=11994643318773259352,https://place.map.kakao.com/1431782444
38,Audeum Audio Museum,오디움,museum,Museum,South Seocho · Yangjae,Day 10,"Thu–Sat 10:00–17:00; closed Mon,Tue,Wed,Sun","Mon,Tue,Wed,Sun",reservable (Kakao),서울 서초구 헌릉로8길 6 (신원동),02-574-5175,37.4566681,127.0589182,https://maps.google.com/?cid=15777155042479287788,https://place.map.kakao.com/721979898
39,Gangnam Myeonok,강남면옥,food,Korean restaurant,Apgujeong · Dosan · Sinsa,Day 10,Daily 10:30–22:00,,,서울 강남구 논현로152길 34 1층 (신사동),02-3446-5539,37.5213898,127.0309314,https://maps.google.com/?cid=10407693233637623476,https://place.map.kakao.com/8163082
40,Noah Cityhouse,노아,shop,Clothing store,Apgujeong · Dosan · Sinsa,,Daily 11:00–20:00,,,서울 강남구 압구정로42길 25-5 1-2층 (신사동),02-6408-1523,37.527236599999995,127.03556259999999,https://maps.google.com/?cid=11760465984093513208,https://place.map.kakao.com/1552646943
41,투아투아,투아투아,food,Bakery,Apgujeong · Dosan · Sinsa,Day 10,Mon–Thu 09:00–19:00; Fri–Sun 09:00–20:00,,,서울 강남구 압구정로48길 34 1층 (신사동),0502-5553-7671,37.5263454,127.03678289999999,https://maps.google.com/?cid=7538600824858484886,https://place.map.kakao.com/1386912282
42,TAMBURINS Flagship Store Hannam,TAMBURINS Flagship Store Hannam,skincare,Perfume store,Yongsan · Itaewon · Hannam,Day 8,Daily 11:00–21:00,,,서울 용산구 이태원로 238 (한남동),070-4101-3274,37.5359954,126.9999555,https://maps.google.com/?cid=3458383431773383937,https://place.map.kakao.com/1948155366
43,Camel Coffee,카멜커피 서촌점,coffee,Coffee shop,Seochon · Gyeongbokgung,Day 12,Daily 08:00–21:00,,,서울 종로구 효자로 31 1-2층 (통의동),010-6540-4940,37.5787903,126.9737128,https://maps.google.com/?cid=1534551221384801000,https://place.map.kakao.com/1849776839
44,Camel Coffee Seongsu,카멜커피 성수점,coffee,Coffee shop,Seongsu,,Daily 10:00–18:00,,,서울 성동구 성덕정19길 6 1층 (성수동2가),010-7542-0973,37.5372397,127.05589339999999,https://maps.google.com/?cid=8923043449249008392,https://place.map.kakao.com/939851854
45,Hyodo Chicken,효도치킨 논현점,food,Restaurant,Apgujeong · Dosan · Sinsa,Day 5,Mon–Fri 11:30–00:30; Sat 14:00–00:30; Sun 12:00–00:30,,reservable (Kakao),서울 강남구 도산대로46길 21 한진로즈힐아파트 101동 지1층 B120호 (논현동),02-518-0628,37.5209532,127.03751179999999,https://maps.google.com/?cid=13461425529128506675,https://place.map.kakao.com/1139521945
46,Hyodo Chicken Gwanghwamun,효도치킨 광화문점,food,Chicken shop,Seochon · Gyeongbokgung,Day 6,Daily 14:00–22:30,,https://www.catchtable.net/shop/hyodochicken_gwanghwa?ct-referrer=google-maps,서울 종로구 사직로8길 21-1 1-2층 (내자동),02-737-0628,37.574634599999996,126.9710606,https://maps.google.com/?cid=13270536306708488297,https://place.map.kakao.com/1748735049
47,Champ Coffee 2nd Workroom,챔프커피 이태원,coffee,Cafe,Yongsan · Itaewon · Hannam,Day 11,Daily 08:30–20:00,,,서울 용산구 녹사평대로26가길 24 1층 (이태원동),02-790-4516,37.532497899999996,126.9928235,https://maps.google.com/?cid=12803435832687268375,https://place.map.kakao.com/1143868163
48,Champ Coffee,챔프커피 성수,coffee,Cafe,Seongsu,,Mon–Fri 08:00–19:00; Sat–Sun 11:00–19:00,,,서울 성동구 성수이로10길 6 1층 (성수동2가),+82 10-7566-7111,37.5398206,127.0557468,https://maps.google.com/?cid=10126036921091097386,https://place.map.kakao.com/424818451
49,Sounds of Apple,사운즈오브애플 Sounds of Apple,food,Brunch restaurant,Namsan · Myeongdong,Day 14,Daily 07:30–16:00,,,서울 중구 명동8가길 47 1층 (충무로2가),+82 70-8833-5790,37.5618943,126.98768059999999,https://maps.google.com/?cid=6702755796067864777,https://place.map.kakao.com/1962040963
50,GML seoul,지엠엘 한남,coffee,Coffee shop,Yongsan · Itaewon · Hannam,,Daily 09:00–22:00,,https://www.catchtable.net/shop/gml?ct-referrer=google-maps,서울 용산구 한남대로27가길 22 3층 (한남동),02-792-2024,37.537753699999996,127.002821,https://maps.google.com/?cid=13226203389532959666,https://place.map.kakao.com/1473889041
51,reindeer,reindeer,shop,Jewelry designer,Yongsan · Itaewon · Hannam,,Daily 12:00–20:00,,,서울 용산구 한남대로27가길 23 1층 (한남동),+82 70-8833-8446,37.537712899999995,127.0025945,https://maps.google.com/?cid=996116960362022586,https://place.map.kakao.com/27582953
52,Milestone Coffee Hannam,마일스톤 커피 한남,coffee,Coffee shop,Yongsan · Itaewon · Hannam,Day 8,Daily 10:00–21:00,,,서울 용산구 한남대로27가길 26 1층 (한남동),070-7807-3046,37.5378721,127.0026652,https://maps.google.com/?cid=14714176468931161517,https://place.map.kakao.com/1606590560
53,cosymosy 코지모지,cosymosy 코지모지,shop,Gift shop,Yongsan · Itaewon · Hannam,Day 8,Daily 11:00–20:00,,,서울 용산구 대사관로5길 11 2층 (한남동),0507-1337-0536,37.5348161,127.0006629,https://maps.google.com/?cid=6728441775988812457,https://place.map.kakao.com/1671875303
54,Cosy Mosy,코지모지,shop,Gift shop,Outside Seoul,,Mon–Fri 11:00–19:00; Sat–Sun 11:00–20:00,,,부산 수영구 광남로 175 2층 (광안동),0507-1397-3497,35.156788899999995,129.1192723,https://maps.google.com/?cid=8249963369766235079,https://place.map.kakao.com/488561455
55,Jinmi Sikdang,진미식당,food,Crab house,Gongdeok,Day 6,Mon–Sat 12:00–20:00 (break 15:30~17:00); closed Sun,Sun,https://www.catchtable.net/shop/Y2F0Y2hfeHlDaHBkYlR4QUVTS2V4SytkUjN4QT09?ct-referrer=google-maps,서울 마포구 마포대로 186-6 1층 (공덕동),02-3211-4468,37.5505634,126.9557715,https://maps.google.com/?cid=18090633512185265939,https://place.map.kakao.com/1386489124
56,Leeum Museum of Art,리움미술관,museum,Art museum,Yongsan · Itaewon · Hannam,Day 8,Tue–Sun 10:00–18:00; closed Mon,Mon,,서울 용산구 이태원로55길 60-16 지하3층 (한남동),02-2014-6901,37.5379389,126.99927489999999,https://maps.google.com/?cid=18153037582453744059,https://place.map.kakao.com/20589638
57,Parc Seoul,빠르크,food,Korean restaurant,Yongsan · Itaewon · Hannam,Day 8,Daily 11:30–21:00 (break 15:20~17:30),,https://www.catchtable.net/shop/parcseoul?ct-referrer=google-maps,서울 용산구 이태원로55가길 26-5 1층 (한남동),02-792-2022,37.5374546,126.9997109,https://maps.google.com/?cid=16947584549477609066,https://place.map.kakao.com/21539210
58,치즈앤 CHIZN,치즈앤 CHIZN,dessert,Cafe,Apgujeong · Dosan · Sinsa,Day 10,Daily 11:00–23:00,,https://www.catchtable.net/shop/CHIZN?ct-referrer=google-maps,서울 강남구 압구정로42길 49 1층 (신사동),02-516-6999,37.5256434,127.03454119999999,https://maps.google.com/?cid=9821368752155094536,https://place.map.kakao.com/1938726353
59,Pola at Home,폴라앳홈 스토어,shop,Vessel store,Seongsu,Day 15,Mon–Fri 12:00–18:30; Sat–Sun 14:00–18:30,,,서울 성동구 성수일로10길 11 우성오토파츠 1층 (성수동2가),02-466-2026,37.547801899999996,127.052177,https://maps.google.com/?cid=17871276741653895948,https://place.map.kakao.com/1985406950
60,Sienne Seongsu Boutique,sienne seongsu boutique,shop,Women's clothing store,Seongsu,,Tue–Sun 12:00–19:30; closed Mon,Mon,,서울 성동구 연무장길 77 107~108호 (성수동2가),070-7576-1048,37.541739299999996,127.05793729999999,https://maps.google.com/?cid=9957070161783086762,https://place.map.kakao.com/2060688390
61,Apgujeong Sanghoe,압구정상회 apgujeong sanghoe,food,Korean restaurant,Apgujeong · Dosan · Sinsa,Day 10,"Mon–Thu,Sun 11:00–22:00 (break 16:00~17:00); Fri–Sat 11:00–23:00 (break 16:00~17:00)",,https://m.place.naver.com/restaurant/2042225573/booking?entry=pll&bk_query=%EC%95%95%EA%B5%AC%EC%A0%95%EC%83%81%ED%9A%8C,서울 강남구 선릉로155길 13-2 1-2층 (신사동),0507-1426-8999,37.525226599999996,127.03830509999999,https://maps.google.com/?cid=6833775526131242784,https://place.map.kakao.com/14745468
62,Kompakt Record bar,콤팩트 레코드바,bar,Cocktail bar,Apgujeong · Dosan · Sinsa,Day 10,Daily 19:00–02:00,,,서울 강남구 도산대로25길 46 1층 102호 (신사동),+82 10-2718-5866,37.5225559,127.0260072,https://maps.google.com/?cid=16631991733874219710,https://place.map.kakao.com/1173351342
63,MARGESHERWOOD Seoul Flagship Store,MARGESHERWOOD Seoul Flagship Store,shop,Handbags shop,Seongsu,,Daily 11:00–20:00,,,서울 성동구 연무장11길 13 (성수동2가),070-449-0302,37.5432193,127.0572272,https://maps.google.com/?cid=5810732170879937729,https://place.map.kakao.com/583042254
64,THREE TO EIGHTY,THREE TO EIGHTY 성수 플래그십 스토어,shop,Women's clothing store,Seongsu,,Daily 11:00–20:00,,,서울 성동구 연무장11길 19 (성수동2가),070-7799-8310,37.5425652,127.05823969999999,https://maps.google.com/?cid=673484799244088595,https://place.map.kakao.com/1775592347
65,아오삭 성수,아오삭 성수,skincare,Cosmetics store,Seongsu,,Daily 12:00–21:00,,,서울 성동구 연무장9길 14 1층 (성수동2가),02-497-1357,37.5433259,127.0561455,https://maps.google.com/?cid=16150098980204059988,https://place.map.kakao.com/1293037289
66,Tokino,Tokino,coffee,Coffee shop,Seongsu,,Tue–Sun 10:30–20:00; closed Mon,Mon,,서울 성동구 연무장5가길 22 2층 (성수동2가),02-3409-1020,37.5432947,127.0550231,https://maps.google.com/?cid=17773312139927355219,https://place.map.kakao.com/1758616703
67,so far,소파 so far,dessert,Ice cream shop,Seongsu,Day 7,Daily 12:00–21:30,,https://www.catchtable.net/shop/sofar?ct-referrer=google-maps,서울 성동구 성수일로4길 50 1층 (성수동2가),0507-1373-8175,37.5424222,127.0541147,https://maps.google.com/?cid=13639407740367633555,https://place.map.kakao.com/613639039
68,The North Face White Label Myeongdong Lounge,The North Face White Label Myeongdong Lounge,shop,Sportswear store,Namsan · Myeongdong,,hours unknown,,,서울 중구 명동길 15 1-3층 (명동1가),+82 2-3789-8859,37.5637866,126.9831682,https://maps.google.com/?cid=12645494933195708119,https://place.map.kakao.com/1513931374
69,HAN JUNG SUN,한정선 성수점,dessert,Dessert restaurant,Seongsu,Day 9,Daily 10:30–22:00,,,서울 성동구 연무장길 43-1 1층 (성수동2가),02-463-1369,37.5428451,127.05416899999999,https://maps.google.com/?cid=7202099055918597671,https://place.map.kakao.com/1754511299
70,Seomun Market,서문시장,market,Traditional market,Outside Seoul,,Daily 09:00–18:00,,,대구 중구 큰장로26길 45 (대신동),053-256-6341,35.8688875,128.5807946,https://maps.google.com/?cid=1973930584881181529,https://place.map.kakao.com/27464044
71,Samsong Bakery and Cafe,삼송비엔씨,dessert,Pastry shop,Outside Seoul,,hours unknown,,,"대구 수성구 용학로25길 24 1,2,4층 (두산동)",053-556-3030,35.8248263,128.6247208,https://maps.google.com/?cid=7778872892079725594,https://place.map.kakao.com/1680120348
72,ILKW Seoul Showroom,ILKW Seoul Showroom,shop,Lighting store,Namsan · Myeongdong,,hours unknown,,,서울특별시 중구 퇴계로4길 2-1 ILKW Seoul Showroom,+82 2-318-1079,37.557410399999995,126.97747589999999,https://maps.google.com/?cid=1852147470058078984,
73,SINON SHOP,시논샵,shop,Kitchen supply store,Namsan · Myeongdong,,Daily 12:00–19:00,,,서울 용산구 두텁바위로60길 49 대원빌딩 신관 1층 101호 (후암동),02-6439-0204,37.5488492,126.98326929999999,https://maps.google.com/?cid=9672388891253919309,https://place.map.kakao.com/1066996292
74,Tamburins Seongsu,TAMBURINS Flagship Store Seongsu,skincare,Perfume store,Seongsu,Day 7,Daily 11:00–21:00,,,"서울 성동구 연무장5길 8 지하1층,1-3층 (성수동2가)",070-4266-6142,37.5437671,127.05260439999999,https://maps.google.com/?cid=8792177122217069928,https://place.map.kakao.com/452269768
75,OLIVE YOUNG,올리브영 강남 타운,skincare,Cosmetics store,Gangnam Stn,Day 5,Daily 10:00–22:30,,,서울 서초구 강남대로 429 동일빌딩 1-3층 (서초동),1577-4887,37.5008693,127.0256886,https://maps.google.com/?cid=5126011910020465518,https://place.map.kakao.com/1940770088
76,Olive Young,올리브영 공덕역점,skincare,Cosmetics store,Gongdeok,Day 6,Daily 10:00–22:30,,,서울 마포구 백범로 199 메트로디오빌 1층 (신공덕동),1577-4887,37.5434664,126.9527327,https://maps.google.com/?cid=2222962873741926009,https://place.map.kakao.com/20104659
77,Olive Young Myeongdong Boulevard Branch,올리브영 명동대로점,skincare,Cosmetics store,Namsan · Myeongdong,,Daily 10:00–22:30,,,서울 중구 퇴계로 120 1층 (남산동1가),1577-4887,37.560576,126.9851417,https://maps.google.com/?cid=17325434494259307291,https://place.map.kakao.com/26470367
78,강남레디영약국 Gangnam Ready Young Pharmacy near me,강남레디영약국 Gangnam Ready Young Pharmacy near me,skincare,Pharmacy,Gangnam Stn,Day 5,Daily 10:00–23:00,,,서울 서초구 서초대로77길 5 (서초동),070-5056-0533,37.498356799999996,127.0264406,https://maps.google.com/?cid=17188089504474588603,https://place.map.kakao.com/1205513963
79,korea pharmacy Hongdae-Street Ready Young Pharmacy,홍대스트리트레디영약국,skincare,Pharmacy,Hapjeong · Mangwon,,Daily 11:00–24:00,,,서울 마포구 와우산로21길 36-3 (서교동),02-336-2228,37.5525167,126.92180429999999,https://maps.google.com/?cid=1004833154999505348,https://place.map.kakao.com/895060885
80,명동타운레디영약국 Myeongdong Town Ready Young Pharmacy near me,명동타운레디영약국 Myeongdong Town Ready Young Pharmacy near me,skincare,Pharmacy,Namsan · Myeongdong,Day 14,Daily 10:00–00:30,,,서울 중구 명동8가길 31 1-3층 (충무로2가),070-7773-9325,37.5618039,126.9868429,https://maps.google.com/?cid=366713029668970706,https://place.map.kakao.com/1404426795
81,READY YOUNG PHARMACY,홍대레디영약국 Hongdae Ready Young Pharmacy,skincare,Pharmacy,Hongdae · Yeonnam · Yeonhui,Day 3,Daily 10:00–23:00,,,서울 마포구 홍익로6길 8 1층 (동교동),02-332-7636,37.5548918,126.92253029999999,https://maps.google.com/?cid=18039276407978757723,https://place.map.kakao.com/2009408276
82,Outdoor Voices,아웃도어 보이스,shop,Clothing store,Yongsan · Itaewon · Hannam,,Daily 11:30–21:00,,,서울 용산구 이태원로55가길 26-4 1층 (한남동),02-790-2640,37.537324999999996,126.99995659999999,https://maps.google.com/?cid=4314379737692269130,https://place.map.kakao.com/358290179
83,GENTLE MONSTER HAUS NOWHERE DOSAN,HAUS NOWHERE Dosan,shop,Sunglasses store,Apgujeong · Dosan · Sinsa,Day 10,Daily 11:00–21:00,,,서울 강남구 압구정로46길 50 지하1층 (신사동),070-4128-2125,37.525382,127.0356949,https://maps.google.com/?cid=8162491523638111706,https://place.map.kakao.com/507311553
84,GENTLE MONSTER,GENTLE MONSTER Seoul Hong Dae,shop,Sunglasses store,Hapjeong · Mangwon,Day 3,Daily 12:00–22:00,,,서울 마포구 독막로7길 54 (서교동),02-3144-0864,37.5500531,126.92008349999999,https://maps.google.com/?cid=16683319647691830658,https://place.map.kakao.com/1741888863
85,Gentle Monster Flagship Store Sinsa,GENTLE MONSTER SEOUL SINSA,shop,Sunglasses store,Apgujeong · Dosan · Sinsa,,Daily 11:00–21:00,,,서울 강남구 압구정로10길 23 1층 (신사동),070-5080-0196,37.5220948,127.0220341,https://maps.google.com/?cid=15098701440498265731,https://place.map.kakao.com/26897232
86,Bunker Company Apgujeong,벙커컴퍼니 압구정점,coffee,Coffee shop,Apgujeong · Dosan · Sinsa,Day 10,Daily 08:30–21:00,,,서울 강남구 언주로167길 23 1-2층 (신사동),02-540-1456,37.5263607,127.0311998,https://maps.google.com/?cid=16973988264608003411,https://place.map.kakao.com/1791629406
87,NYU NYU House,NYU NYU House,shop,Fashion accessories store,Seongsu,,Daily 10:00–23:00,,,"서울 성동구 성수이로 93 지하1층, 1-3층 (성수동2가)",,37.5434177,127.056581,https://maps.google.com/?cid=4772329422484864349,https://place.map.kakao.com/1882765768
88,Shake Shack Jonggak,쉐이크쉑 종각점,food,Hamburger restaurant,Deoksugung · City Hall,Day 6,"Mon–Thu,Sun 10:30–22:30; Fri–Sat 10:30–23:00",,,서울 종로구 종로 33 그랑서울 1층 122~135호 (청진동),02-2158-7575,37.570472699999996,126.9815204,https://maps.google.com/?cid=11487764860919177104,https://place.map.kakao.com/2038128499
89,Shake Shack Hongdae,쉐이크쉑 홍대점,food,Hamburger restaurant,Hongdae · Yeonnam · Yeonhui,,"Mon–Thu,Sun 10:30–22:30; Fri–Sat 10:30–23:00",,,서울 마포구 양화로 186 LC타워 1층 101호 (동교동),02-323-0916,37.5579993,126.9257181,https://maps.google.com/?cid=9176095299050298998,https://place.map.kakao.com/136268965
90,Paper Plate,페이퍼 플레이트,food,Pizza restaurant,Seongsu,Day 15,Daily 11:30–21:00,,reservable (Kakao),서울 성동구 성수이로14길 15 1층 (성수동2가),02-499-0304,37.541720399999996,127.05668109999999,https://maps.google.com/?cid=10917280483403130665,https://place.map.kakao.com/632570382
91,AMORE Seongsu,아모레성수,skincare,Shopping mall,Seongsu,Day 9,Tue–Sun 10:30–20:30; closed Mon,Mon,reservable (Kakao),서울 성동구 아차산로11길 7 (성수동2가),02-469-8600,37.5444101,127.0591197,https://maps.google.com/?cid=11943377214744422720,https://place.map.kakao.com/247906074
92,Swallow Lounge,스왈로우라운지 성수,shop,Clothing store,Seongsu,,hours unknown,,,서울 성동구 성수이로 117 1층 (성수동2가),,37.545526599999995,127.05703369999999,https://maps.google.com/?cid=6990575353335046417,https://place.map.kakao.com/1270873806
93,Kodak Center Shop,Kodak Center Shop,shop,Gift shop,Namsan · Myeongdong,Day 14,Daily 11:00–22:00,,,서울 중구 명동8길 13 1-2층 (명동2가),031-8060-0291,37.5631273,126.98465689999999,https://maps.google.com/?cid=14294501434894189064,https://place.map.kakao.com/1662355611
94,Kodak Corner Shop,코닥 코너숍,shop,Clothing store,Seongsu,,Daily 10:30–20:30,,,서울 성동구 연무장7길 3-1 1-2층 (성수동2가),+82 50-71354-7297,37.5431112,127.0543075,https://maps.google.com/?cid=10063801407359815845,https://place.map.kakao.com/1003781553
95,Point of View,"POINT OF VIEW, 포인트 오브 뷰",shop,Stationery store,Seongsu,,Daily 12:00–20:00,,,서울 성동구 연무장길 18 1~3층 (성수동1가),02-462-0018,37.5434188,127.051374,https://maps.google.com/?cid=8411587396190321932,https://place.map.kakao.com/1353841922
96,samuel smalls,samuel smalls,shop,Home goods store,Seongsu,,Daily 13:00–19:30,,,서울 성동구 연무장5가길 25 지하1층 B108호 (성수동2가),02-2135-5655,37.5435802,127.0556438,https://maps.google.com/?cid=11078669494701938678,https://place.map.kakao.com/729355240
97,Brewing Ceremony,브루잉 세레모니,coffee,Cafe,Seongsu,,Daily 11:00–21:00,,,서울 성동구 연무장5가길 22-1 1층 (성수동2가),0507-1317-4771,37.543267,127.05514409999999,https://maps.google.com/?cid=113351586431260632,https://place.map.kakao.com/804984272
98,Ongredients InnerGlow VIP Lounge,Ongredients InnerGlow VIP Lounge,skincare,Cosmetics store,Seongsu,,Daily 11:00–20:00,,,서울 성동구 연무장17길 4 (성수동2가),,37.5409685,127.06113389999999,https://maps.google.com/?cid=4018991321795358659,https://place.map.kakao.com/1412338471
99,LOW CLASSIC Seongsu,LOW CLASSIC Seongsu 86,shop,Clothing store,Seongsu,,Daily 12:00–20:00,,,서울 성동구 연무장길 86 (성수동2가),02-462-3330,37.541308799999996,127.0586831,https://maps.google.com/?cid=14841746629865270166,https://place.map.kakao.com/64863789
100,CUEREN Seongsu Signature Store,CUEREN 쿠에른 성수,shop,Shoe store,Seongsu,,Daily 10:00–22:00,,,서울 성동구 성수이로 71 주1동 (성수동2가),02-461-0811,37.541629,127.05579909999999,https://maps.google.com/?cid=11501460099753499053,https://place.map.kakao.com/862812530
101,BLUE ELEPHANT SEONGSU FLAGSHIP STORE,블루엘리펀트 성수 플래그십스토어,shop,Sunglasses store,Seongsu,,Daily 12:00–22:00,,,서울 성동구 연무장길 13 2-3층 (성수동2가),,37.5437612,127.05116029999999,https://maps.google.com/?cid=10782467668526389028,https://place.map.kakao.com/1882613210
102,repertory 레퍼토리,repertory 레퍼토리,shop,Store,Seongsu,Day 7,Daily 11:30–20:00,,,서울 성동구 연무장길 49 나동 1층 3호 (성수동2가),02-462-0344,37.5427587,127.055043,https://maps.google.com/?cid=955105521803782571,https://place.map.kakao.com/1161898798
103,SW19 Seongsu,SW19 Seongsu,skincare,Perfume store,Seongsu,,Daily 11:00–21:00,,,서울 성동구 연무장길 57 1층 (성수동2가),070-4140-1919,37.542384,127.05571959999999,https://maps.google.com/?cid=4724779708147889891,https://place.map.kakao.com/361393379
104,29cm home,이구홈 성수,shop,Home goods store,Seongsu,,Daily 11:00–22:00,,,서울 성동구 연무장길 57 (성수동2가),02-1660-2902,37.5425599,127.05575789999999,https://maps.google.com/?cid=13259399922311660843,https://place.map.kakao.com/1837070052
105,Neungdong Minari,능동미나리 신용산,food,Korean restaurant,Yongsan · Itaewon · Hannam,Day 1,Mon–Fri 10:00–23:00; Sat–Sun 09:30–23:00,,reservable (Kakao),서울 용산구 한강대로40길 28 1-2층 (한강로2가),02-790-1026,37.530085299999996,126.9707875,https://maps.google.com/?cid=7694039245334194402,https://place.map.kakao.com/596181447
106,Neungdong Minari Seongsu,능동미나리 성수,food,Korean restaurant,Seongsu,Day 7,Mon–Fri 09:30–24:00; Sat–Sun 09:00–24:00,,,서울 성동구 연무장길 42 1-2층 (성수동2가),02-2088-2435,37.542747999999996,127.05396069999999,https://maps.google.com/?cid=7279226639817340713,https://place.map.kakao.com/134670855
107,Bossanova Coffee Roaster Seongsu,Bossanova Coffee Roaster Seongsu,coffee,Coffee shop,Seoul Forest,,hours unknown,,,"Bossanova Coffee Roaster Seongsu, 656-308 성수동1가 성동구 서울특별시 대한민국",,37.5473277,127.0460411,https://maps.google.com/?cid=6412248203472185317,
108,Thweet Seongsu,쓰윗 성수 (Thweet Seongsu),dessert,Cafe,Seongsu,Day 7,Tue–Sun 12:00–24:00; closed Mon,Mon,reservable (Kakao),서울 성동구 연무장3길 12 1층 (성수동2가),070-4099-7408,37.5446613,127.051779,https://maps.google.com/?cid=17620078560726734808,https://place.map.kakao.com/1731130818
109,CU Convenience Store,CU Convenience Store,shop,Convenience store,Namsan · Myeongdong,,hours unknown,,,서울 중구 명동8나길 38 지하1층 근생-3호 (충무로1가),,37.5618069,126.9827626,https://maps.google.com/?cid=6980609274233901653,https://place.map.kakao.com/1721147520
110,Gyeongbokgung Palace,경복궁,sight,Cultural landmark,Seochon · Gyeongbokgung,"Day 3, Day 11",hours unknown,,reservable (Kakao),서울 종로구 세종로 1-1,+82 2-3700-3900,37.579617,126.977041,https://maps.google.com/?cid=10029593693201569270,https://place.map.kakao.com/18619551
111,Apgujeong Rodeo Street,압구정 로데오거리,sight,Tourist attraction,Apgujeong · Dosan · Sinsa,,hours unknown,,reservable (Kakao),서울 강남구 신사동 668-33,,37.5273682,127.0380228,https://maps.google.com/?cid=5239474586710322674,https://place.map.kakao.com/7990409
112,NYU NYU,뉴뉴 성수점,shop,Clothing store,Seongsu,,Daily 10:00–23:00,,,서울 성동구 연무장길 89 2-3층 (성수동2가),010-5599-6925,37.5415196,127.0592971,https://maps.google.com/?cid=16731729276169053063,https://place.map.kakao.com/1273761412
113,Kith Seoul,키스 서울,shop,Clothing store,Seongsu,Day 7,Daily 11:00–20:00,,,서울 성동구 연무장길 70 (성수동2가),070-7209-1431,37.541768,127.0570027,https://maps.google.com/?cid=11458411639628505421,https://place.map.kakao.com/2062309664
114,"살로몬 성수 (SALOMON, 萨洛蒙, サロモン)","살로몬 성수 (SALOMON, 萨洛蒙, サロモン)",shop,Outdoor clothing and equipment shop,Seongsu,,Daily 10:30–21:00,,,서울 성동구 연무장길 89 1층 (성수동2가),02-6216-0711,37.5414239,127.05909589999999,https://maps.google.com/?cid=470524241011591558,https://place.map.kakao.com/11514602
115,Ggupdang Seongsu,꿉당 성수점,food,Barbecue restaurant,Seongsu,Day 7,Mon–Fri 15:00–23:00; Sat–Sun 12:00–23:00,,https://www.catchtable.net/shop/ggupdang_seongsu?ct-referrer=google-maps,서울 성동구 성수이로20길 10 1층 (성수동2가),+82 50-71358-6564,37.5432243,127.057537,https://maps.google.com/?cid=16204548897865048625,https://place.map.kakao.com/239928138
116,Beaker Flagship Store,비이커 성수플래그십스토어,shop,Clothing store,Seongsu,Day 7,Daily 11:00–20:00,,,서울 성동구 연무장길 7-1 1층 (성수동2가),02-464-4750,37.5439657,127.05047979999999,https://maps.google.com/?cid=7225742117015155721,https://place.map.kakao.com/1911990850
117,HEYTHEY,HEYTHEY,shop,Women's clothing store,Seongsu,,Mon–Fri 11:30–20:30; Sat 11:00–21:00; Sun 12:00–21:00,,,서울 성동구 연무장길 9-1 1층 (성수동2가),,37.5439298,127.0507312,https://maps.google.com/?cid=12502863584303861213,https://place.map.kakao.com/543485105
118,벨리에 서울숲,벨리에 서울,shop,Clothing store,Seoul Forest,,Daily 12:00–20:00,,,서울 성동구 서울숲2길 37 2층 (성수동1가),070-8805-7711,37.5466044,127.04269479999999,https://maps.google.com/?cid=7651702685787527188,https://place.map.kakao.com/459651509
119,라프레플루트,라프레플루트,dessert,Cafe,Seoul Forest,Day 9,"Mon–Thu 13:00–19:00; Fri,Sun 13:00–20:00; Sat 13:00–21:00",,https://www.catchtable.net/shop/rafre_fruit?ct-referrer=google-maps,서울 성동구 서울숲2길 8-8 2층 (성수동1가),+82 50-71383-7415,37.5472477,127.0394561,https://maps.google.com/?cid=562516267225097884,https://place.map.kakao.com/519985882
120,Juuneedu Showroom,쥬니쥬 서울숲점,shop,Clothing store,Seoul Forest,Day 9,Daily 12:00–19:30,,,서울 성동구 서울숲2길 8-11 (성수동1가),070-8832-7089,37.547109299999995,127.03958259999999,https://maps.google.com/?cid=18285938966361526149,https://place.map.kakao.com/1102938225
121,내러티브오브젝트,내러티브오브젝트,shop,Asian household goods store,Seoul Forest,Day 15,Tue–Sun 12:00–18:00; closed Mon,Mon,,서울 성동구 서울숲2길 24-7 포대빌딩 1층 (성수동1가),0502-5550-4522,37.5467459,127.0412121,https://maps.google.com/?cid=8108240413448795610,https://place.map.kakao.com/1311851952
122,Poset Seongsu,포셋 성수,shop,General store,Seoul Forest,,Tue–Sun 12:00–20:00; closed Mon,Mon,,서울 성동구 서울숲길 36 201~202호 (성수동1가),02-464-0080,37.547818899999996,127.04131059999999,https://maps.google.com/?cid=6839112302083919618,https://place.map.kakao.com/326503944
123,Poset Yeonhui,포셋 연희,shop,Stationery store,Hongdae · Yeonnam · Yeonhui,Day 3,Tue–Sun 12:00–20:00; closed Mon,Mon,,서울 서대문구 증가로 18 연희빌딩 3층 305호 (연희동),02-3141-7427,37.5699642,126.93124859999999,https://maps.google.com/?cid=15321789745179228685,https://place.map.kakao.com/218862683
124,Archivépke,Archivépke,shop,Shoe store,Seoul Forest,,Daily 11:00–20:00,,,서울 성동구 서울숲4길 7 (성수동1가),02-6397-0917,37.5477079,127.0418277,https://maps.google.com/?cid=15451805257649900981,https://place.map.kakao.com/620154262
125,사브르스토어 성수(SABRE Store Seong-su),사브르스토어 성수(SABRE Store Seong-su),shop,Kitchen supply store,Seoul Forest,Day 15,Daily 11:00–20:00,,,서울 성동구 서울숲4길 20 (성수동1가),+82 2-466-1906,37.547157299999995,127.043066,https://maps.google.com/?cid=2238091631941449136,https://place.map.kakao.com/299312559
126,Guzz Seoulsup,Guzz Seoulsup,shop,General store,Seoul Forest,,hours unknown,,,"Guzz Seoulsup, 38-1 서울숲2길 성동구 서울특별시 대한민국",,37.5463866,127.0428773,https://maps.google.com/?cid=5548069579332941428,
127,Nanpo Seongsu,난포 성수,food,Fusion restaurant,Seoul Forest,Day 9,Mon–Fri 11:00–21:30 (break 15:50~17:00); Sat–Sun 11:00–21:30,,https://www.catchtable.net/shop/nanpo?ct-referrer=google-maps,서울 성동구 서울숲4길 18-8 지층 (성수동1가),02-468-1540,37.5470208,127.04273269999999,https://maps.google.com/?cid=12983679674172940586,https://place.map.kakao.com/2025402668
128,danil seoul,단일 서울,coffee,Coffee shop,Seoul Forest,Day 15,Mon–Fri 09:00–21:00; Sat–Sun 10:00–20:00,,,서울 성동구 왕십리로 66-33 1층 (성수동1가),02-461-9779,37.5430007,127.0454699,https://maps.google.com/?cid=15851069861476631815,https://place.map.kakao.com/1926018643
129,멘드의원,멘드의원,skincare,Plastic surgery clinic,Yongsan · Itaewon · Hannam,,Mon–Thu 10:00–18:00; Fri 10:00–21:00; Sat 09:30–13:30; closed Sun,Sun,,서울 용산구 독서당로 70 현대리버티하우스 305호 (한남동),02-595-5110,37.5335402,127.00864849999999,https://maps.google.com/?cid=16469767030255796539,https://place.map.kakao.com/2137759997
130,Human Made Seoul Cafe by Blue Bottle Coffee,휴먼 메이드 서울 카페 바이 블루보틀 커피,coffee,Coffee shop,Seongsu,,Daily 11:00–19:00,,,서울 성동구 성수이로7길 39 2층 (성수동2가),1533-6906,37.542512599999995,127.0532717,https://maps.google.com/?cid=6339152553762671269,https://place.map.kakao.com/196139841
131,Coffee Nap Roastery,커피냅로스터스 성수,bar,Coffee shop,Seongsu,Day 7,Daily 09:00–21:00,,,서울 성동구 성수일로4길 35-12 (성수동2가),02-466-4131,37.542267599999995,127.0531123,https://maps.google.com/?cid=1838253273445995268,https://place.map.kakao.com/756927927
132,Torriden Connect,토리든 커넥트 성수,skincare,Cosmetics store,Seongsu,,Daily 11:00–20:00,,reservable (Kakao),서울 성동구 성수이로7가길 17 (성수동2가),,37.541829199999995,127.0552864,https://maps.google.com/?cid=4738851559667347899,https://place.map.kakao.com/1687000369
133,Jayeondo Sogeumppang (Salt Bread) in Dosan,자연도 소금빵 in 도산,dessert,Bakery,Apgujeong · Dosan · Sinsa,Day 10,Daily 09:00–22:00,,reservable (Kakao),서울 강남구 도산대로49길 41 1층 (신사동),02-512-2245,37.5257273,127.0368946,https://maps.google.com/?cid=7786763551328875817,https://place.map.kakao.com/81925925
134,Jayeondo Sogeumppang (Salt Bread) in Seongsu,자연도소금빵 성수점,dessert,Bakery,Seongsu,,Daily 09:00–22:00,,,서울 성동구 연무장길 56-1 1층 (성수동2가),+82 2-463-2245,37.542301699999996,127.05545819999999,https://maps.google.com/?cid=5270038422608661278,https://place.map.kakao.com/134679676
135,Jayeondo Sogeumppang (Salt Bread) & Jayeondoga,자연도소금빵&자연도가,dessert,Bakery,Samcheong · Anguk · Ikseon,"Day 6, Day 11",Daily 09:00–22:00,,,서울 종로구 수표로28길 21-17 1층 (익선동),+82 2-743-2245,37.573700699999996,126.9896957,https://maps.google.com/?cid=15584972206352472780,https://place.map.kakao.com/1990677632
136,MoonMoon,문문,food,Restaurant,Gwangjang · Dongdaemun,Day 11,"Mon,Wed–Fri 18:30–24:00; Sat–Sun 17:00–24:00; closed Tue",Tue,https://www.catchtable.net/shop/munmun?ct-referrer=google-maps,서울 종로구 종로63다길 2 1층 1호 (숭인동),010-6891-9404,37.5744665,127.0185648,https://maps.google.com/?cid=5637873010170935118,https://place.map.kakao.com/144393758
137,War Memorial of Korea,전쟁기념관,museum,War museum,Yongsan · Itaewon · Hannam,Day 10,"Tue,Thu–Sun 09:00–18:00; Wed 09:00–20:00; closed Mon",Mon,,서울 용산구 이태원로 29 2층 (용산동1가),02-709-3114,37.5366131,126.97710679999999,https://maps.google.com/?cid=16255340004596389792,https://place.map.kakao.com/12421790
138,National Museum of Korea,국립중앙박물관,museum,National museum,Yongsan · Itaewon · Hannam,Day 1,"Mon–Tue,Thu–Fri,Sun 09:30–17:30; Wed,Sat 09:30–21:00",,reservable (Kakao),서울 용산구 서빙고로 137 (용산동6가),02-2077-9000,37.523850599999996,126.9804702,https://maps.google.com/?cid=7017319361445515495,https://place.map.kakao.com/8830150
139,Starfield Suwon,스타필드 수원,shop,Shopping mall,Outside Seoul,,Daily 10:00–22:00,,,경기 수원시 장안구 수성로 175 8층 (정자동),+82 1833-9001,37.2873665,126.99120749999999,https://maps.google.com/?cid=9983073111356244309,https://place.map.kakao.com/2055543083
140,Starfield Coex Mall,스타필드 코엑스몰,shop,Shopping mall,COEX · Samseong,Day 5,hours unknown,,,서울 강남구 영동대로 513 지하1-지하2층 (삼성동),+82 2-6002-5300,37.5118346,127.0597871,https://maps.google.com/?cid=12747406373442709203,https://place.map.kakao.com/1705633882
141,Starfield Library,별마당 도서관,sight,Library,COEX · Samseong,Day 5,Daily 10:30–22:00,,,서울 강남구 삼성동 159-9 지하1층-1층,02-6002-3031,37.5100586,127.0601188,https://maps.google.com/?cid=3143025846765073303,https://place.map.kakao.com/2104663194
142,Olive Young,올리브영 두타점,skincare,Cosmetics store,Gwangjang · Dongdaemun,,Daily 10:30–24:00,,https://www.catchtable.net/shop/oliveyoung_dt?ct-referrer=google-maps,서울 중구 장충단로 275 지하2층 (을지로6가),1577-4887,37.5688137,127.0087526,https://maps.google.com/?cid=1377193006706274061,https://place.map.kakao.com/11910202
143,OLIVE YOUNG Central Myeongdong Town Branch,올리브영 센트럴 명동 타운,skincare,Cosmetics store,Namsan · Myeongdong,,Daily 10:00–22:30,,,서울 중구 명동8길 27 엠플라자 2층 (명동2가),010-2590-8648,37.5625274,126.9849507,https://maps.google.com/?cid=2006330656480357785,https://place.map.kakao.com/807585451
144,Olive Young Myeongdong Town,올리브영 명동 타운,skincare,Cosmetics store,Namsan · Myeongdong,Day 14,Daily 10:00–22:30,,,서울 중구 명동길 53 1-2층 (명동1가),1577-4887,37.563946,126.9851624,https://maps.google.com/?cid=2221994947731337770,https://place.map.kakao.com/23445796
145,Peer Coffee Roasters,피어커피 광희문,coffee,Cafe,Gwangjang · Dongdaemun,,Mon–Tue 10:30–20:30; Wed–Fri 10:30–18:30; Sat–Sun 10:00–21:00,,,서울 중구 청구로 123 1-2층 (신당동),070-4154-1464,37.5627616,127.01022979999999,https://maps.google.com/?cid=6419105181772081187,https://place.map.kakao.com/610993395
146,HAUS NOWHERE SEOUL,하우스 노웨어 서울,shop,,Seongsu,Day 7,Daily 11:00–21:00,,,서울 성동구 뚝섬로 433 (성수동2가),+82 1644-5704,37.5380654,127.0589486,https://maps.google.com/?cid=11024166780843768968,https://place.map.kakao.com/735193716
147,BHC Chicken,BHC치킨 자양3동점,food,Fried chicken takeaway,Ttukseom · Konkuk,Day 4,Daily 09:00–03:00,,,서울 광진구 자양번영로 21 1층 (자양동),0503-7151-7861,37.5314839,127.0749779,https://maps.google.com/?cid=15602189635607075293,https://place.map.kakao.com/1661657395
148,Ttukseom Hangang Park,뚝섬한강공원,park,Park,Ttukseom · Konkuk,Day 4,Tue–Sun 12:00–21:00; closed Mon,Mon,reservable (Kakao),서울 광진구 자양동 435,02-3780-0521,37.529350699999995,127.0699562,https://maps.google.com/?cid=9887225714262480147,https://place.map.kakao.com/17556235
149,Manufact Coffee Yeonhui,매뉴팩트커피 연희본점,coffee,Coffee shop,Hongdae · Yeonnam · Yeonhui,Day 3,Daily 08:30–18:30,,,서울 서대문구 연희로11길 29 1-2층 (연희동),02-6406-8777,37.567782799999996,126.92960819999999,https://maps.google.com/?cid=17405316689368651143,https://place.map.kakao.com/21542432
150,매뉴팩트커피 서촌,매뉴팩트커피 서촌,coffee,Coffee shop,Seochon · Gyeongbokgung,Day 14,Mon–Fri 08:00–18:00; Sat–Sun 08:00–19:30,,,서울 종로구 필운대로3길 1 1층 (누하동),+82 2-733-6406,37.5786423,126.9688439,https://maps.google.com/?cid=16274901936022496571,https://place.map.kakao.com/1730013556
151,LowKey Seongsu,로우키 성수,coffee,Cafe,Seongsu,,Daily 10:00–20:00,,,서울 성동구 연무장3길 6 1층 (성수동2가),070-8824-2010,37.5441954,127.05158379999999,https://maps.google.com/?cid=13305520084544420330,https://place.map.kakao.com/1302549042
152,OLIVE YOUNG Seongsu stn.,올리브영 성수역점,skincare,Cosmetics store,Seongsu,,Mon–Fri 08:30–22:30; Sat–Sun 10:00–22:30,,,서울 성동구 아차산로 91 1층 (성수동2가),1577-4887,37.5452796,127.0544869,https://maps.google.com/?cid=15988475175247324747,https://place.map.kakao.com/27197084
153,성수레디영약국,성수레디영약국,skincare,Pharmacy,Seongsu,,Daily 10:00–23:00,,,서울 성동구 성수일로6길 47 (성수동2가),02-467-7636,37.5442746,127.05532219999999,https://maps.google.com/?cid=10084371599755783504,https://place.map.kakao.com/237584074
154,돈골약방 豚骨藥房 Don Gol Yag Bang,돈골약방 豚骨藥房 Don Gol Yag Bang,food,Korean restaurant,Seongsu,Day 7,Mon–Sat 11:00–21:00 (break 15:00~17:00); closed Sun,Sun,,서울 성동구 성수일로8길 28 1층 (성수동2가),070-8118-1751,37.5459108,127.0534388,https://maps.google.com/?cid=10503010059423788749,https://place.map.kakao.com/698746976
155,Gwangjang Market,광장시장,market,Traditional market,Gwangjang · Dongdaemun,Day 6,Daily 09:00–18:00,,,서울 종로구 창경궁로 88 (예지동),02-2267-0291,37.570038499999995,126.99960379999999,https://maps.google.com/?cid=15444711502569316164,https://place.map.kakao.com/27383851
156,Gyeongui Line Forest Park,경의선숲길공원,park,City park,Hongdae · Yeonnam · Yeonhui,Day 3,hours unknown,,,서울 마포구 동교동 190-1,02-719-8830,37.558886799999996,126.92542739999999,https://maps.google.com/?cid=8271197056472690360,https://place.map.kakao.com/1158487374
157,Onion Cafe Gwangjang Market Branch,어니언 광장시장,coffee,Coffee shop,Gwangjang · Dongdaemun,Day 6,Daily 11:00–24:00,,,서울 종로구 청계천로 215 1층 (종로5가),070-4488-3317,37.5697865,127.0015042,https://maps.google.com/?cid=16483001005606592790,https://place.map.kakao.com/1021356734
158,Cafe Onion Anguk,어니언 안국점,coffee,Cafe,Samcheong · Anguk · Ikseon,"Day 6, Day 11",Mon–Fri 07:00–22:00; Sat–Sun 09:00–22:00,,,서울 종로구 계동길 5 1층 (계동),070-7543-2123,37.5776235,126.98655409999999,https://maps.google.com/?cid=5123135895525407385,https://place.map.kakao.com/853028118
159,shenanigans irish pub,shenanigans irish pub,bar,Irish pub,Yongsan · Itaewon · Hannam,,"Mon,Wed–Thu 16:00–01:00; Fri 16:00–03:00; Sat 15:00–03:00; Sun 15:00–01:00; closed Tue",Tue,,서울 용산구 이태원로19길 5 2층 (이태원동),+82 2-792-2550,37.5346906,126.99176279999999,https://maps.google.com/?cid=14582529974202911844,https://place.map.kakao.com/26923097
160,N Seoul Tower,N서울타워,sight,Tourist attraction,Namsan · Myeongdong,"Day 3, Day 11",Daily 11:00–22:00,,reservable (Kakao),서울 용산구 남산공원길 105 N서울타워 T2층 (용산동2가),02-3455-9220,37.5511694,126.98822659999999,https://maps.google.com/?cid=6699200636580889253,https://place.map.kakao.com/22762956
161,Gwanghwamun Square,광화문광장,sight,Historical landmark,Seochon · Gyeongbokgung,Day 12,hours unknown,,reservable (Kakao),서울 종로구 세종로 1-68,02-120,37.572389,126.97691169999999,https://maps.google.com/?cid=16813526255109441016,https://place.map.kakao.com/8193961
162,Common Ground,커먼그라운드,shop,Shopping mall,Seongsu,Day 4,Daily 00:00–24:00,,,서울 광진구 아차산로 200 (자양동),+82 2-467-2747,37.541151299999996,127.0659498,https://maps.google.com/?cid=9603951460118772706,https://place.map.kakao.com/689084145
163,Oreno Ramen Main Store,오레노라멘 본점,food,Ramen restaurant,Hapjeong · Mangwon,Day 3,Daily 11:00–22:00,,,서울 마포구 독막로8길 16 1층 (합정동),02-322-3539,37.5472593,126.91781089999999,https://maps.google.com/?cid=9756630378876709551,https://place.map.kakao.com/1916682638
164,Dragon Hill Lodge,드래곤힐 랏지,hotel,Hotel,Yongsan · Itaewon · Hannam,,Front desk 24h · check-in 15:00 · check-out 12:00,,,"용산기지 드래곤힐 랏지 (서울 용산구 용산동4가 1-10) — local taxis: Gate 1, Samgakji Stn exit 13",+82 2-790-0016,37.532148,126.98114659999999,https://maps.google.com/?cid=11374096945233467411,
